"filename", "language", "Markdown", "JSON", "Dart", "HTML", "YAML", "XML", "Groovy", "Properties", "C++", "Swift", "comment", "blank", "total"
"c:\Users\Lenovo\Documents\Dev\PFA\enetcom_app\README.md", "Markdown", 2, 0, 0, 0, 0, 0, 0, 0, 0, 0, 0, 3, 5
"c:\Users\Lenovo\Documents\Dev\PFA\enetcom_app\analysis_options.yaml", "YAML", 0, 0, 0, 0, 3, 0, 0, 0, 0, 0, 23, 4, 30
"c:\Users\Lenovo\Documents\Dev\PFA\enetcom_app\android\app\build.gradle", "Groovy", 0, 0, 0, 0, 0, 0, 56, 0, 0, 0, 3, 13, 72
"c:\Users\Lenovo\Documents\Dev\PFA\enetcom_app\android\app\google-services.json", "JSON", 0, 39, 0, 0, 0, 0, 0, 0, 0, 0, 0, 0, 39
"c:\Users\Lenovo\Documents\Dev\PFA\enetcom_app\android\app\src\debug\AndroidManifest.xml", "XML", 0, 0, 0, 0, 0, 4, 0, 0, 0, 0, 3, 1, 8
"c:\Users\Lenovo\Documents\Dev\PFA\enetcom_app\android\app\src\main\AndroidManifest.xml", "XML", 0, 0, 0, 0, 0, 30, 0, 0, 0, 0, 11, 1, 42
"c:\Users\Lenovo\Documents\Dev\PFA\enetcom_app\android\app\src\main\res\drawable-v21\launch_background.xml", "XML", 0, 0, 0, 0, 0, 4, 0, 0, 0, 0, 7, 2, 13
"c:\Users\Lenovo\Documents\Dev\PFA\enetcom_app\android\app\src\main\res\drawable\launch_background.xml", "XML", 0, 0, 0, 0, 0, 4, 0, 0, 0, 0, 7, 2, 13
"c:\Users\Lenovo\Documents\Dev\PFA\enetcom_app\android\app\src\main\res\values-night\styles.xml", "XML", 0, 0, 0, 0, 0, 9, 0, 0, 0, 0, 9, 1, 19
"c:\Users\Lenovo\Documents\Dev\PFA\enetcom_app\android\app\src\main\res\values\styles.xml", "XML", 0, 0, 0, 0, 0, 9, 0, 0, 0, 0, 9, 1, 19
"c:\Users\Lenovo\Documents\Dev\PFA\enetcom_app\android\app\src\profile\AndroidManifest.xml", "XML", 0, 0, 0, 0, 0, 4, 0, 0, 0, 0, 3, 1, 8
"c:\Users\Lenovo\Documents\Dev\PFA\enetcom_app\android\build.gradle", "Groovy", 0, 0, 0, 0, 0, 0, 26, 0, 0, 0, 0, 5, 31
"c:\Users\Lenovo\Documents\Dev\PFA\enetcom_app\android\gradle.properties", "Properties", 0, 0, 0, 0, 0, 0, 0, 3, 0, 0, 0, 1, 4
"c:\Users\Lenovo\Documents\Dev\PFA\enetcom_app\android\gradle\wrapper\gradle-wrapper.properties", "Properties", 0, 0, 0, 0, 0, 0, 0, 5, 0, 0, 1, 1, 7
"c:\Users\Lenovo\Documents\Dev\PFA\enetcom_app\android\settings.gradle", "Groovy", 0, 0, 0, 0, 0, 0, 8, 0, 0, 0, 0, 4, 12
"c:\Users\Lenovo\Documents\Dev\PFA\enetcom_app\assets\category\absence.svg", "XML", 0, 0, 0, 0, 0, 563, 0, 0, 0, 0, 0, 1, 564
"c:\Users\Lenovo\Documents\Dev\PFA\enetcom_app\assets\category\absent.svg", "XML", 0, 0, 0, 0, 0, 183, 0, 0, 0, 0, 0, 1, 184
"c:\Users\Lenovo\Documents\Dev\PFA\enetcom_app\assets\category\all.svg", "XML", 0, 0, 0, 0, 0, 10, 0, 0, 0, 0, 0, 1, 11
"c:\Users\Lenovo\Documents\Dev\PFA\enetcom_app\assets\category\art.svg", "XML", 0, 0, 0, 0, 0, 56, 0, 0, 0, 0, 1, 1, 58
"c:\Users\Lenovo\Documents\Dev\PFA\enetcom_app\assets\category\business.svg", "XML", 0, 0, 0, 0, 0, 67, 0, 0, 0, 0, 1, 1, 69
"c:\Users\Lenovo\Documents\Dev\PFA\enetcom_app\assets\category\catchup.svg", "XML", 0, 0, 0, 0, 0, 63, 0, 0, 0, 0, 1, 1, 65
"c:\Users\Lenovo\Documents\Dev\PFA\enetcom_app\assets\category\class.svg", "XML", 0, 0, 0, 0, 0, 520, 0, 0, 0, 0, 0, 1, 521
"c:\Users\Lenovo\Documents\Dev\PFA\enetcom_app\assets\category\class_group.svg", "XML", 0, 0, 0, 0, 0, 33, 0, 0, 0, 0, 0, 0, 33
"c:\Users\Lenovo\Documents\Dev\PFA\enetcom_app\assets\category\coding.svg", "XML", 0, 0, 0, 0, 0, 58, 0, 0, 0, 0, 1, 1, 60
"c:\Users\Lenovo\Documents\Dev\PFA\enetcom_app\assets\category\cooking.svg", "XML", 0, 0, 0, 0, 0, 4, 0, 0, 0, 0, 0, 1, 5
"c:\Users\Lenovo\Documents\Dev\PFA\enetcom_app\assets\category\course.svg", "XML", 0, 0, 0, 0, 0, 34, 0, 0, 0, 0, 0, 0, 34
"c:\Users\Lenovo\Documents\Dev\PFA\enetcom_app\assets\category\design.svg", "XML", 0, 0, 0, 0, 0, 106, 0, 0, 0, 0, 1, 1, 108
"c:\Users\Lenovo\Documents\Dev\PFA\enetcom_app\assets\category\diploma.svg", "XML", 0, 0, 0, 0, 0, 26, 0, 0, 0, 0, 0, 0, 26
"c:\Users\Lenovo\Documents\Dev\PFA\enetcom_app\assets\category\education.svg", "XML", 0, 0, 0, 0, 0, 59, 0, 0, 0, 0, 1, 1, 61
"c:\Users\Lenovo\Documents\Dev\PFA\enetcom_app\assets\category\exam.svg", "XML", 0, 0, 0, 0, 0, 111, 0, 0, 0, 0, 1, 1, 113
"c:\Users\Lenovo\Documents\Dev\PFA\enetcom_app\assets\category\exams.svg", "XML", 0, 0, 0, 0, 0, 32, 0, 0, 0, 0, 0, 0, 32
"c:\Users\Lenovo\Documents\Dev\PFA\enetcom_app\assets\category\finance.svg", "XML", 0, 0, 0, 0, 0, 77, 0, 0, 0, 0, 1, 1, 79
"c:\Users\Lenovo\Documents\Dev\PFA\enetcom_app\assets\category\menu0.svg", "XML", 0, 0, 0, 0, 0, 359, 0, 0, 0, 0, 0, 1, 360
"c:\Users\Lenovo\Documents\Dev\PFA\enetcom_app\assets\category\menu1.svg", "XML", 0, 0, 0, 0, 0, 13, 0, 0, 0, 0, 0, 0, 13
"c:\Users\Lenovo\Documents\Dev\PFA\enetcom_app\assets\category\menu11.svg", "XML", 0, 0, 0, 0, 0, 1, 0, 0, 0, 0, 0, 0, 1
"c:\Users\Lenovo\Documents\Dev\PFA\enetcom_app\assets\category\menu2.svg", "XML", 0, 0, 0, 0, 0, 13, 0, 0, 0, 0, 0, 0, 13
"c:\Users\Lenovo\Documents\Dev\PFA\enetcom_app\assets\category\menu3.svg", "XML", 0, 0, 0, 0, 0, 13, 0, 0, 0, 0, 0, 0, 13
"c:\Users\Lenovo\Documents\Dev\PFA\enetcom_app\assets\category\music.svg", "XML", 0, 0, 0, 0, 0, 49, 0, 0, 0, 0, 1, 1, 51
"c:\Users\Lenovo\Documents\Dev\PFA\enetcom_app\assets\category\pdf-file-10147.svg", "XML", 0, 0, 0, 0, 0, 17, 0, 0, 0, 0, 0, 0, 17
"c:\Users\Lenovo\Documents\Dev\PFA\enetcom_app\assets\category\stage.svg", "XML", 0, 0, 0, 0, 0, 14, 0, 0, 0, 0, 0, 0, 14
"c:\Users\Lenovo\Documents\Dev\PFA\enetcom_app\assets\category\stage1.svg", "XML", 0, 0, 0, 0, 0, 22, 0, 0, 0, 0, 0, 0, 22
"c:\Users\Lenovo\Documents\Dev\PFA\enetcom_app\assets\category\student.svg", "XML", 0, 0, 0, 0, 0, 33, 0, 0, 0, 0, 0, 0, 33
"c:\Users\Lenovo\Documents\Dev\PFA\enetcom_app\assets\category\student1.svg", "XML", 0, 0, 0, 0, 0, 49, 0, 0, 0, 0, 0, 0, 49
"c:\Users\Lenovo\Documents\Dev\PFA\enetcom_app\assets\category\tiemtable0.svg", "XML", 0, 0, 0, 0, 0, 589, 0, 0, 0, 0, 0, 1, 590
"c:\Users\Lenovo\Documents\Dev\PFA\enetcom_app\assets\category\time.svg", "XML", 0, 0, 0, 0, 0, 589, 0, 0, 0, 0, 0, 1, 590
"c:\Users\Lenovo\Documents\Dev\PFA\enetcom_app\assets\category\timetable.svg", "XML", 0, 0, 0, 0, 0, 6, 0, 0, 0, 0, 1, 0, 7
"c:\Users\Lenovo\Documents\Dev\PFA\enetcom_app\assets\category\timetable1.svg", "XML", 0, 0, 0, 0, 0, 30, 0, 0, 0, 0, 0, 0, 30
"c:\Users\Lenovo\Documents\Dev\PFA\enetcom_app\assets\category\timetable3.svg", "XML", 0, 0, 0, 0, 0, 1, 0, 0, 0, 0, 0, 0, 1
"c:\Users\Lenovo\Documents\Dev\PFA\enetcom_app\assets\category\tp.svg", "XML", 0, 0, 0, 0, 0, 505, 0, 0, 0, 0, 0, 1, 506
"c:\Users\Lenovo\Documents\Dev\PFA\enetcom_app\assets\icons\group.svg", "XML", 0, 0, 0, 0, 0, 79, 0, 0, 0, 0, 1, 1, 81
"c:\Users\Lenovo\Documents\Dev\PFA\enetcom_app\assets\icons\home.svg", "XML", 0, 0, 0, 0, 0, 51, 0, 0, 0, 0, 1, 1, 53
"c:\Users\Lenovo\Documents\Dev\PFA\enetcom_app\assets\icons\logout.svg", "XML", 0, 0, 0, 0, 0, 9, 0, 0, 0, 0, 0, 1, 10
"c:\Users\Lenovo\Documents\Dev\PFA\enetcom_app\assets\icons\logoutdoor.svg", "XML", 0, 0, 0, 0, 0, 57, 0, 0, 0, 0, 1, 1, 59
"c:\Users\Lenovo\Documents\Dev\PFA\enetcom_app\assets\icons\menu.svg", "XML", 0, 0, 0, 0, 0, 56, 0, 0, 0, 0, 1, 1, 58
"c:\Users\Lenovo\Documents\Dev\PFA\enetcom_app\assets\icons\notification.svg", "XML", 0, 0, 0, 0, 0, 1, 0, 0, 0, 0, 0, 0, 1
"c:\Users\Lenovo\Documents\Dev\PFA\enetcom_app\assets\icons\profile.svg", "XML", 0, 0, 0, 0, 0, 56, 0, 0, 0, 0, 1, 1, 58
"c:\Users\Lenovo\Documents\Dev\PFA\enetcom_app\assets\icons\profile1.svg", "XML", 0, 0, 0, 0, 0, 49, 0, 0, 0, 0, 1, 1, 51
"c:\Users\Lenovo\Documents\Dev\PFA\enetcom_app\assets\images\chat.svg", "XML", 0, 0, 0, 0, 0, 134, 0, 0, 0, 0, 1, 0, 135
"c:\Users\Lenovo\Documents\Dev\PFA\enetcom_app\assets\images\classroom_student.svg", "XML", 0, 0, 0, 0, 0, 1, 0, 0, 0, 0, 0, 0, 1
"c:\Users\Lenovo\Documents\Dev\PFA\enetcom_app\assets\images\coming.svg", "XML", 0, 0, 0, 0, 0, 5073, 0, 0, 0, 0, 0, 1, 5074
"c:\Users\Lenovo\Documents\Dev\PFA\enetcom_app\assets\images\coming_soon.svg", "XML", 0, 0, 0, 0, 0, 5073, 0, 0, 0, 0, 0, 1, 5074
"c:\Users\Lenovo\Documents\Dev\PFA\enetcom_app\assets\images\facebook.svg", "XML", 0, 0, 0, 0, 0, 1, 0, 0, 0, 0, 0, 0, 1
"c:\Users\Lenovo\Documents\Dev\PFA\enetcom_app\assets\images\google_plus.svg", "XML", 0, 0, 0, 0, 0, 46, 0, 0, 0, 0, 1, 1, 48
"c:\Users\Lenovo\Documents\Dev\PFA\enetcom_app\assets\images\login.svg", "XML", 0, 0, 0, 0, 0, 151, 0, 0, 0, 0, 1, 0, 152
"c:\Users\Lenovo\Documents\Dev\PFA\enetcom_app\assets\images\signup.svg", "XML", 0, 0, 0, 0, 0, 80, 0, 0, 0, 0, 1, 0, 81
"c:\Users\Lenovo\Documents\Dev\PFA\enetcom_app\assets\images\teacher.svg", "XML", 0, 0, 0, 0, 0, 1, 0, 0, 0, 0, 0, 0, 1
"c:\Users\Lenovo\Documents\Dev\PFA\enetcom_app\assets\images\twitter.svg", "XML", 0, 0, 0, 0, 0, 46, 0, 0, 0, 0, 1, 1, 48
"c:\Users\Lenovo\Documents\Dev\PFA\enetcom_app\ios\Runner\AppDelegate.swift", "Swift", 0, 0, 0, 0, 0, 0, 0, 0, 0, 12, 0, 2, 14
"c:\Users\Lenovo\Documents\Dev\PFA\enetcom_app\ios\Runner\Assets.xcassets\AppIcon.appiconset\Contents.json", "JSON", 0, 122, 0, 0, 0, 0, 0, 0, 0, 0, 0, 1, 123
"c:\Users\Lenovo\Documents\Dev\PFA\enetcom_app\ios\Runner\Assets.xcassets\LaunchImage.imageset\Contents.json", "JSON", 0, 23, 0, 0, 0, 0, 0, 0, 0, 0, 0, 1, 24
"c:\Users\Lenovo\Documents\Dev\PFA\enetcom_app\ios\Runner\Assets.xcassets\LaunchImage.imageset\README.md", "Markdown", 3, 0, 0, 0, 0, 0, 0, 0, 0, 0, 0, 2, 5
"c:\Users\Lenovo\Documents\Dev\PFA\enetcom_app\ios\Runner\Base.lproj\LaunchScreen.storyboard", "XML", 0, 0, 0, 0, 0, 36, 0, 0, 0, 0, 1, 1, 38
"c:\Users\Lenovo\Documents\Dev\PFA\enetcom_app\ios\Runner\Base.lproj\Main.storyboard", "XML", 0, 0, 0, 0, 0, 25, 0, 0, 0, 0, 1, 1, 27
"c:\Users\Lenovo\Documents\Dev\PFA\enetcom_app\ios\Runner\Runner-Bridging-Header.h", "C++", 0, 0, 0, 0, 0, 0, 0, 0, 1, 0, 0, 1, 2
"c:\Users\Lenovo\Documents\Dev\PFA\enetcom_app\lib\config\palette.dart", "Dart", 0, 0, 34, 0, 0, 0, 0, 0, 0, 0, 2, 8, 44
"c:\Users\Lenovo\Documents\Dev\PFA\enetcom_app\lib\config\styles.dart", "Dart", 0, 0, 16, 0, 0, 0, 0, 0, 0, 0, 0, 4, 20
"c:\Users\Lenovo\Documents\Dev\PFA\enetcom_app\lib\controllers\classe_controller.dart", "Dart", 0, 0, 24, 0, 0, 0, 0, 0, 0, 0, 1, 4, 29
"c:\Users\Lenovo\Documents\Dev\PFA\enetcom_app\lib\controllers\course_controller.dart", "Dart", 0, 0, 24, 0, 0, 0, 0, 0, 0, 0, 1, 4, 29
"c:\Users\Lenovo\Documents\Dev\PFA\enetcom_app\lib\controllers\department_controller.dart", "Dart", 0, 0, 24, 0, 0, 0, 0, 0, 0, 0, 1, 4, 29
"c:\Users\Lenovo\Documents\Dev\PFA\enetcom_app\lib\controllers\feature_controller.dart", "Dart", 0, 0, 26, 0, 0, 0, 0, 0, 0, 0, 2, 4, 32
"c:\Users\Lenovo\Documents\Dev\PFA\enetcom_app\lib\controllers\post_controller.dart", "Dart", 0, 0, 24, 0, 0, 0, 0, 0, 0, 0, 1, 4, 29
"c:\Users\Lenovo\Documents\Dev\PFA\enetcom_app\lib\controllers\student_controller.dart", "Dart", 0, 0, 24, 0, 0, 0, 0, 0, 0, 0, 14, 7, 45
"c:\Users\Lenovo\Documents\Dev\PFA\enetcom_app\lib\controllers\subject_controller.dart", "Dart", 0, 0, 24, 0, 0, 0, 0, 0, 0, 0, 1, 4, 29
"c:\Users\Lenovo\Documents\Dev\PFA\enetcom_app\lib\controllers\teacher_controller.dart", "Dart", 0, 0, 24, 0, 0, 0, 0, 0, 0, 0, 1, 4, 29
"c:\Users\Lenovo\Documents\Dev\PFA\enetcom_app\lib\controllers\user_controller.dart", "Dart", 0, 0, 74, 0, 0, 0, 0, 0, 0, 0, 29, 10, 113
"c:\Users\Lenovo\Documents\Dev\PFA\enetcom_app\lib\data\data.dart", "Dart", 0, 0, 207, 0, 0, 0, 0, 0, 0, 0, 54, 7, 268
"c:\Users\Lenovo\Documents\Dev\PFA\enetcom_app\lib\main.dart", "Dart", 0, 0, 28, 0, 0, 0, 0, 0, 0, 0, 2, 5, 35
"c:\Users\Lenovo\Documents\Dev\PFA\enetcom_app\lib\models\attachment.dart", "Dart", 0, 0, 25, 0, 0, 0, 0, 0, 0, 0, 0, 7, 32
"c:\Users\Lenovo\Documents\Dev\PFA\enetcom_app\lib\models\classe.dart", "Dart", 0, 0, 38, 0, 0, 0, 0, 0, 0, 0, 0, 8, 46
"c:\Users\Lenovo\Documents\Dev\PFA\enetcom_app\lib\models\course.dart", "Dart", 0, 0, 37, 0, 0, 0, 0, 0, 0, 0, 0, 7, 44
"c:\Users\Lenovo\Documents\Dev\PFA\enetcom_app\lib\models\department.dart", "Dart", 0, 0, 25, 0, 0, 0, 0, 0, 0, 0, 12, 7, 44
"c:\Users\Lenovo\Documents\Dev\PFA\enetcom_app\lib\models\feature.dart", "Dart", 0, 0, 37, 0, 0, 0, 0, 0, 0, 0, 23, 7, 67
"c:\Users\Lenovo\Documents\Dev\PFA\enetcom_app\lib\models\feature_model.dart", "Dart", 0, 0, 0, 0, 0, 0, 0, 0, 0, 0, 10, 2, 12
"c:\Users\Lenovo\Documents\Dev\PFA\enetcom_app\lib\models\file_model.dart", "Dart", 0, 0, 18, 0, 0, 0, 0, 0, 0, 0, 9, 8, 35
"c:\Users\Lenovo\Documents\Dev\PFA\enetcom_app\lib\models\post.dart", "Dart", 0, 0, 45, 0, 0, 0, 0, 0, 0, 0, 2, 7, 54
"c:\Users\Lenovo\Documents\Dev\PFA\enetcom_app\lib\models\post_model.dart", "Dart", 0, 0, 19, 0, 0, 0, 0, 0, 0, 0, 0, 3, 22
"c:\Users\Lenovo\Documents\Dev\PFA\enetcom_app\lib\models\student.dart", "Dart", 0, 0, 62, 0, 0, 0, 0, 0, 0, 0, 21, 9, 92
"c:\Users\Lenovo\Documents\Dev\PFA\enetcom_app\lib\models\subject.dart", "Dart", 0, 0, 41, 0, 0, 0, 0, 0, 0, 0, 0, 7, 48
"c:\Users\Lenovo\Documents\Dev\PFA\enetcom_app\lib\models\td.dart", "Dart", 0, 0, 37, 0, 0, 0, 0, 0, 0, 0, 0, 7, 44
"c:\Users\Lenovo\Documents\Dev\PFA\enetcom_app\lib\models\teacher.dart", "Dart", 0, 0, 68, 0, 0, 0, 0, 0, 0, 0, 8, 8, 84
"c:\Users\Lenovo\Documents\Dev\PFA\enetcom_app\lib\models\user.dart", "Dart", 0, 0, 73, 0, 0, 0, 0, 0, 0, 0, 1, 7, 81
"c:\Users\Lenovo\Documents\Dev\PFA\enetcom_app\lib\models\user_model.dart", "Dart", 0, 0, 10, 0, 0, 0, 0, 0, 0, 0, 0, 3, 13
"c:\Users\Lenovo\Documents\Dev\PFA\enetcom_app\lib\services\helper_function.dart", "Dart", 0, 0, 11, 0, 0, 0, 0, 0, 0, 0, 0, 3, 14
"c:\Users\Lenovo\Documents\Dev\PFA\enetcom_app\lib\services\http_attachment_service.dart", "Dart", 0, 0, 0, 0, 0, 0, 0, 0, 0, 0, 57, 10, 67
"c:\Users\Lenovo\Documents\Dev\PFA\enetcom_app\lib\services\http_classe_service.dart", "Dart", 0, 0, 81, 0, 0, 0, 0, 0, 0, 0, 1, 9, 91
"c:\Users\Lenovo\Documents\Dev\PFA\enetcom_app\lib\services\http_course_service.dart", "Dart", 0, 0, 73, 0, 0, 0, 0, 0, 0, 0, 1, 9, 83
"c:\Users\Lenovo\Documents\Dev\PFA\enetcom_app\lib\services\http_department_service.dart", "Dart", 0, 0, 73, 0, 0, 0, 0, 0, 0, 0, 1, 10, 84
"c:\Users\Lenovo\Documents\Dev\PFA\enetcom_app\lib\services\http_feature_service.dart", "Dart", 0, 0, 73, 0, 0, 0, 0, 0, 0, 0, 3, 9, 85
"c:\Users\Lenovo\Documents\Dev\PFA\enetcom_app\lib\services\http_post_service.dart", "Dart", 0, 0, 77, 0, 0, 0, 0, 0, 0, 0, 3, 9, 89
"c:\Users\Lenovo\Documents\Dev\PFA\enetcom_app\lib\services\http_student_service.dart", "Dart", 0, 0, 94, 0, 0, 0, 0, 0, 0, 0, 1, 9, 104
"c:\Users\Lenovo\Documents\Dev\PFA\enetcom_app\lib\services\http_subject_service.dart", "Dart", 0, 0, 81, 0, 0, 0, 0, 0, 0, 0, 1, 9, 91
"c:\Users\Lenovo\Documents\Dev\PFA\enetcom_app\lib\services\http_td_service.dart", "Dart", 0, 0, 73, 0, 0, 0, 0, 0, 0, 0, 1, 9, 83
"c:\Users\Lenovo\Documents\Dev\PFA\enetcom_app\lib\services\http_teacher_service.dart", "Dart", 0, 0, 108, 0, 0, 0, 0, 0, 0, 0, 3, 10, 121
"c:\Users\Lenovo\Documents\Dev\PFA\enetcom_app\lib\services\http_user_service.dart", "Dart", 0, 0, 165, 0, 0, 0, 0, 0, 0, 0, 6, 13, 184
"c:\Users\Lenovo\Documents\Dev\PFA\enetcom_app\lib\theme\color.dart", "Dart", 0, 0, 26, 0, 0, 0, 0, 0, 0, 0, 0, 4, 30
"c:\Users\Lenovo\Documents\Dev\PFA\enetcom_app\lib\utils\utils.dart", "Dart", 0, 0, 20, 0, 0, 0, 0, 0, 0, 0, 0, 3, 23
"c:\Users\Lenovo\Documents\Dev\PFA\enetcom_app\lib\views\admin_views\admin_dashboard.dart", "Dart", 0, 0, 137, 0, 0, 0, 0, 0, 0, 0, 57, 6, 200
"c:\Users\Lenovo\Documents\Dev\PFA\enetcom_app\lib\views\admin_views\admin_grid.dart", "Dart", 0, 0, 258, 0, 0, 0, 0, 0, 0, 0, 0, 3, 261
"c:\Users\Lenovo\Documents\Dev\PFA\enetcom_app\lib\views\admin_views\classes\add_classe_screen.dart", "Dart", 0, 0, 293, 0, 0, 0, 0, 0, 0, 0, 0, 16, 309
"c:\Users\Lenovo\Documents\Dev\PFA\enetcom_app\lib\views\admin_views\classes\classe_dashboard.dart", "Dart", 0, 0, 135, 0, 0, 0, 0, 0, 0, 0, 0, 4, 139
"c:\Users\Lenovo\Documents\Dev\PFA\enetcom_app\lib\views\admin_views\classes\update_classe_screen.dart", "Dart", 0, 0, 230, 0, 0, 0, 0, 0, 0, 0, 1, 10, 241
"c:\Users\Lenovo\Documents\Dev\PFA\enetcom_app\lib\views\admin_views\department\add_department_screen.dart", "Dart", 0, 0, 158, 0, 0, 0, 0, 0, 0, 0, 0, 12, 170
"c:\Users\Lenovo\Documents\Dev\PFA\enetcom_app\lib\views\admin_views\department\department_dashboard.dart", "Dart", 0, 0, 129, 0, 0, 0, 0, 0, 0, 0, 0, 4, 133
"c:\Users\Lenovo\Documents\Dev\PFA\enetcom_app\lib\views\admin_views\department\update_department_screen.dart", "Dart", 0, 0, 171, 0, 0, 0, 0, 0, 0, 0, 1, 10, 182
"c:\Users\Lenovo\Documents\Dev\PFA\enetcom_app\lib\views\admin_views\posts\create_post_screen.dart", "Dart", 0, 0, 236, 0, 0, 0, 0, 0, 0, 0, 29, 13, 278
"c:\Users\Lenovo\Documents\Dev\PFA\enetcom_app\lib\views\admin_views\posts\edit_post_screen.dart", "Dart", 0, 0, 157, 0, 0, 0, 0, 0, 0, 0, 11, 8, 176
"c:\Users\Lenovo\Documents\Dev\PFA\enetcom_app\lib\views\admin_views\posts\post_dashboard.dart", "Dart", 0, 0, 96, 0, 0, 0, 0, 0, 0, 0, 0, 5, 101
"c:\Users\Lenovo\Documents\Dev\PFA\enetcom_app\lib\views\admin_views\students\add_student_screen.dart", "Dart", 0, 0, 422, 0, 0, 0, 0, 0, 0, 0, 1, 17, 440
"c:\Users\Lenovo\Documents\Dev\PFA\enetcom_app\lib\views\admin_views\students\student_dashboard.dart", "Dart", 0, 0, 95, 0, 0, 0, 0, 0, 0, 0, 0, 5, 100
"c:\Users\Lenovo\Documents\Dev\PFA\enetcom_app\lib\views\admin_views\students\update_student_screen.dart", "Dart", 0, 0, 279, 0, 0, 0, 0, 0, 0, 0, 4, 9, 292
"c:\Users\Lenovo\Documents\Dev\PFA\enetcom_app\lib\views\admin_views\subjects\add_subject_screen.dart", "Dart", 0, 0, 328, 0, 0, 0, 0, 0, 0, 0, 65, 20, 413
"c:\Users\Lenovo\Documents\Dev\PFA\enetcom_app\lib\views\admin_views\subjects\subject_dashboard.dart", "Dart", 0, 0, 128, 0, 0, 0, 0, 0, 0, 0, 0, 4, 132
"c:\Users\Lenovo\Documents\Dev\PFA\enetcom_app\lib\views\admin_views\subjects\update_subject_screen.dart", "Dart", 0, 0, 228, 0, 0, 0, 0, 0, 0, 0, 12, 15, 255
"c:\Users\Lenovo\Documents\Dev\PFA\enetcom_app\lib\views\admin_views\teachers\add_teacher_screen.dart", "Dart", 0, 0, 386, 0, 0, 0, 0, 0, 0, 0, 2, 20, 408
"c:\Users\Lenovo\Documents\Dev\PFA\enetcom_app\lib\views\admin_views\teachers\teacher_dashboard.dart", "Dart", 0, 0, 98, 0, 0, 0, 0, 0, 0, 0, 0, 5, 103
"c:\Users\Lenovo\Documents\Dev\PFA\enetcom_app\lib\views\admin_views\teachers\update_teacher_screen.dart", "Dart", 0, 0, 307, 0, 0, 0, 0, 0, 0, 0, 2, 9, 318
"c:\Users\Lenovo\Documents\Dev\PFA\enetcom_app\lib\views\admin_views\test_screen.dart", "Dart", 0, 0, 70, 0, 0, 0, 0, 0, 0, 0, 1, 8, 79
"c:\Users\Lenovo\Documents\Dev\PFA\enetcom_app\lib\views\admin_views\widgets\classe_card.dart", "Dart", 0, 0, 97, 0, 0, 0, 0, 0, 0, 0, 0, 3, 100
"c:\Users\Lenovo\Documents\Dev\PFA\enetcom_app\lib\views\admin_views\widgets\department_card.dart", "Dart", 0, 0, 103, 0, 0, 0, 0, 0, 0, 0, 0, 3, 106
"c:\Users\Lenovo\Documents\Dev\PFA\enetcom_app\lib\views\admin_views\widgets\new_post_container.dart", "Dart", 0, 0, 283, 0, 0, 0, 0, 0, 0, 0, 6, 19, 308
"c:\Users\Lenovo\Documents\Dev\PFA\enetcom_app\lib\views\admin_views\widgets\student_card.dart", "Dart", 0, 0, 123, 0, 0, 0, 0, 0, 0, 0, 2, 3, 128
"c:\Users\Lenovo\Documents\Dev\PFA\enetcom_app\lib\views\admin_views\widgets\subject_card.dart", "Dart", 0, 0, 106, 0, 0, 0, 0, 0, 0, 0, 0, 4, 110
"c:\Users\Lenovo\Documents\Dev\PFA\enetcom_app\lib\views\admin_views\widgets\teacher_card.dart", "Dart", 0, 0, 123, 0, 0, 0, 0, 0, 0, 0, 0, 3, 126
"c:\Users\Lenovo\Documents\Dev\PFA\enetcom_app\lib\views\admin_views\widgets\user_card.dart", "Dart", 0, 0, 116, 0, 0, 0, 0, 0, 0, 0, 8, 3, 127
"c:\Users\Lenovo\Documents\Dev\PFA\enetcom_app\lib\views\coming_soon_screen.dart", "Dart", 0, 0, 50, 0, 0, 0, 0, 0, 0, 0, 2, 3, 55
"c:\Users\Lenovo\Documents\Dev\PFA\enetcom_app\lib\views\current_profile_screen.dart", "Dart", 0, 0, 152, 0, 0, 0, 0, 0, 0, 0, 9, 6, 167
"c:\Users\Lenovo\Documents\Dev\PFA\enetcom_app\lib\views\edit_profile_screen.dart", "Dart", 0, 0, 190, 0, 0, 0, 0, 0, 0, 0, 0, 8, 198
"c:\Users\Lenovo\Documents\Dev\PFA\enetcom_app\lib\views\for_students\classroom_student_screen.dart", "Dart", 0, 0, 108, 0, 0, 0, 0, 0, 0, 0, 2, 8, 118
"c:\Users\Lenovo\Documents\Dev\PFA\enetcom_app\lib\views\for_teachers\add_teacher_subject_screen.dart", "Dart", 0, 0, 164, 0, 0, 0, 0, 0, 0, 0, 5, 15, 184
"c:\Users\Lenovo\Documents\Dev\PFA\enetcom_app\lib\views\for_teachers\add_teacher_subjects_screen.dart", "Dart", 0, 0, 0, 0, 0, 0, 0, 0, 0, 0, 120, 11, 131
"c:\Users\Lenovo\Documents\Dev\PFA\enetcom_app\lib\views\for_teachers\classroom_teacher_screen.dart", "Dart", 0, 0, 132, 0, 0, 0, 0, 0, 0, 0, 48, 5, 185
"c:\Users\Lenovo\Documents\Dev\PFA\enetcom_app\lib\views\for_teachers\edit_course_screen.dart", "Dart", 0, 0, 0, 0, 0, 0, 0, 0, 0, 0, 144, 12, 156
"c:\Users\Lenovo\Documents\Dev\PFA\enetcom_app\lib\views\for_teachers\subject_screen.dart", "Dart", 0, 0, 346, 0, 0, 0, 0, 0, 0, 0, 60, 8, 414
"c:\Users\Lenovo\Documents\Dev\PFA\enetcom_app\lib\views\for_teachers\teacher_subjects_screen.dart", "Dart", 0, 0, 181, 0, 0, 0, 0, 0, 0, 0, 65, 5, 251
"c:\Users\Lenovo\Documents\Dev\PFA\enetcom_app\lib\views\for_teachers\upload_course_screen.dart", "Dart", 0, 0, 288, 0, 0, 0, 0, 0, 0, 0, 8, 13, 309
"c:\Users\Lenovo\Documents\Dev\PFA\enetcom_app\lib\views\for_teachers\upload_td_screen.dart", "Dart", 0, 0, 283, 0, 0, 0, 0, 0, 0, 0, 8, 13, 304
"c:\Users\Lenovo\Documents\Dev\PFA\enetcom_app\lib\views\home screen\create_post_screen.dart", "Dart", 0, 0, 384, 0, 0, 0, 0, 0, 0, 0, 11, 17, 412
"c:\Users\Lenovo\Documents\Dev\PFA\enetcom_app\lib\views\home screen\create_post_screen_old.dart", "Dart", 0, 0, 0, 0, 0, 0, 0, 0, 0, 0, 250, 10, 260
"c:\Users\Lenovo\Documents\Dev\PFA\enetcom_app\lib\views\home screen\home_screen.dart", "Dart", 0, 0, 158, 0, 0, 0, 0, 0, 0, 0, 6, 4, 168
"c:\Users\Lenovo\Documents\Dev\PFA\enetcom_app\lib\views\home screen\menu\menu_screen.dart", "Dart", 0, 0, 98, 0, 0, 0, 0, 0, 0, 0, 4, 5, 107
"c:\Users\Lenovo\Documents\Dev\PFA\enetcom_app\lib\views\home screen\widgets\carousel_loading.dart", "Dart", 0, 0, 34, 0, 0, 0, 0, 0, 0, 0, 0, 3, 37
"c:\Users\Lenovo\Documents\Dev\PFA\enetcom_app\lib\views\home screen\widgets\carousel_slider_data_found.dart", "Dart", 0, 0, 97, 0, 0, 0, 0, 0, 0, 0, 0, 6, 103
"c:\Users\Lenovo\Documents\Dev\PFA\enetcom_app\lib\views\home screen\widgets\classe_tile.dart", "Dart", 0, 0, 87, 0, 0, 0, 0, 0, 0, 0, 3, 3, 93
"c:\Users\Lenovo\Documents\Dev\PFA\enetcom_app\lib\views\home screen\widgets\course_tile.dart", "Dart", 0, 0, 120, 0, 0, 0, 0, 0, 0, 0, 7, 6, 133
"c:\Users\Lenovo\Documents\Dev\PFA\enetcom_app\lib\views\home screen\widgets\create_post_container.dart", "Dart", 0, 0, 90, 0, 0, 0, 0, 0, 0, 0, 3, 4, 97
"c:\Users\Lenovo\Documents\Dev\PFA\enetcom_app\lib\views\home screen\widgets\feature_carousel.dart", "Dart", 0, 0, 231, 0, 0, 0, 0, 0, 0, 0, 6, 8, 245
"c:\Users\Lenovo\Documents\Dev\PFA\enetcom_app\lib\views\home screen\widgets\subject_tile.dart", "Dart", 0, 0, 92, 0, 0, 0, 0, 0, 0, 0, 4, 4, 100
"c:\Users\Lenovo\Documents\Dev\PFA\enetcom_app\lib\views\home screen\widgets\td_tile.dart", "Dart", 0, 0, 121, 0, 0, 0, 0, 0, 0, 0, 7, 6, 134
"c:\Users\Lenovo\Documents\Dev\PFA\enetcom_app\lib\views\home screen\widgets\upload_box.dart", "Dart", 0, 0, 57, 0, 0, 0, 0, 0, 0, 0, 0, 3, 60
"c:\Users\Lenovo\Documents\Dev\PFA\enetcom_app\lib\views\login_screen.dart", "Dart", 0, 0, 232, 0, 0, 0, 0, 0, 0, 0, 12, 11, 255
"c:\Users\Lenovo\Documents\Dev\PFA\enetcom_app\lib\views\people_screen.dart", "Dart", 0, 0, 0, 0, 0, 0, 0, 0, 0, 0, 97, 4, 101
"c:\Users\Lenovo\Documents\Dev\PFA\enetcom_app\lib\views\splash_screen.dart", "Dart", 0, 0, 74, 0, 0, 0, 0, 0, 0, 0, 2, 8, 84
"c:\Users\Lenovo\Documents\Dev\PFA\enetcom_app\lib\views\student_root_app.dart", "Dart", 0, 0, 0, 0, 0, 0, 0, 0, 0, 0, 0, 1, 1
"c:\Users\Lenovo\Documents\Dev\PFA\enetcom_app\lib\views\students_screen.dart", "Dart", 0, 0, 63, 0, 0, 0, 0, 0, 0, 0, 3, 4, 70
"c:\Users\Lenovo\Documents\Dev\PFA\enetcom_app\lib\views\teacher_root_app.dart", "Dart", 0, 0, 163, 0, 0, 0, 0, 0, 0, 0, 0, 9, 172
"c:\Users\Lenovo\Documents\Dev\PFA\enetcom_app\lib\views\users_screen.dart", "Dart", 0, 0, 55, 0, 0, 0, 0, 0, 0, 0, 7, 4, 66
"c:\Users\Lenovo\Documents\Dev\PFA\enetcom_app\lib\views\welcome_student_screen.dart", "Dart", 0, 0, 115, 0, 0, 0, 0, 0, 0, 0, 0, 3, 118
"c:\Users\Lenovo\Documents\Dev\PFA\enetcom_app\lib\views\welcome_teacher_screen.dart", "Dart", 0, 0, 137, 0, 0, 0, 0, 0, 0, 0, 0, 3, 140
"c:\Users\Lenovo\Documents\Dev\PFA\enetcom_app\lib\views\widgets\already_have_an_account_acheck.dart", "Dart", 0, 0, 33, 0, 0, 0, 0, 0, 0, 0, 0, 4, 37
"c:\Users\Lenovo\Documents\Dev\PFA\enetcom_app\lib\views\widgets\appbar_widget.dart", "Dart", 0, 0, 38, 0, 0, 0, 0, 0, 0, 0, 0, 3, 41
"c:\Users\Lenovo\Documents\Dev\PFA\enetcom_app\lib\views\widgets\bottombar_item.dart", "Dart", 0, 0, 47, 0, 0, 0, 0, 0, 0, 0, 0, 3, 50
"c:\Users\Lenovo\Documents\Dev\PFA\enetcom_app\lib\views\widgets\build_header_box.dart", "Dart", 0, 0, 96, 0, 0, 0, 0, 0, 0, 0, 0, 2, 98
"c:\Users\Lenovo\Documents\Dev\PFA\enetcom_app\lib\views\widgets\category_box.dart", "Dart", 0, 0, 57, 0, 0, 0, 0, 0, 0, 0, 1, 5, 63
"c:\Users\Lenovo\Documents\Dev\PFA\enetcom_app\lib\views\widgets\category_list.dart", "Dart", 0, 0, 38, 0, 0, 0, 0, 0, 0, 0, 0, 5, 43
"c:\Users\Lenovo\Documents\Dev\PFA\enetcom_app\lib\views\widgets\circle_button.dart", "Dart", 0, 0, 31, 0, 0, 0, 0, 0, 0, 0, 0, 3, 34
"c:\Users\Lenovo\Documents\Dev\PFA\enetcom_app\lib\views\widgets\custom_tab_bar.dart", "Dart", 0, 0, 44, 0, 0, 0, 0, 0, 0, 0, 1, 3, 48
"c:\Users\Lenovo\Documents\Dev\PFA\enetcom_app\lib\views\widgets\online_bar_widget.dart", "Dart", 0, 0, 75, 0, 0, 0, 0, 0, 0, 0, 0, 6, 81
"c:\Users\Lenovo\Documents\Dev\PFA\enetcom_app\lib\views\widgets\or_divider.dart", "Dart", 0, 0, 37, 0, 0, 0, 0, 0, 0, 0, 1, 4, 42
"c:\Users\Lenovo\Documents\Dev\PFA\enetcom_app\lib\views\widgets\post_container.dart", "Dart", 0, 0, 260, 0, 0, 0, 0, 0, 0, 0, 7, 14, 281
"c:\Users\Lenovo\Documents\Dev\PFA\enetcom_app\lib\views\widgets\profile_avatar.dart", "Dart", 0, 0, 57, 0, 0, 0, 0, 0, 0, 0, 19, 6, 82
"c:\Users\Lenovo\Documents\Dev\PFA\enetcom_app\lib\views\widgets\profile_image_widget.dart", "Dart", 0, 0, 72, 0, 0, 0, 0, 0, 0, 0, 15, 6, 93
"c:\Users\Lenovo\Documents\Dev\PFA\enetcom_app\lib\views\widgets\profile_info_tile.dart", "Dart", 0, 0, 152, 0, 0, 0, 0, 0, 0, 0, 29, 7, 188
"c:\Users\Lenovo\Documents\Dev\PFA\enetcom_app\lib\views\widgets\rounded_button.dart", "Dart", 0, 0, 38, 0, 0, 0, 0, 0, 0, 0, 2, 5, 45
"c:\Users\Lenovo\Documents\Dev\PFA\enetcom_app\lib\views\widgets\student_card_container.dart", "Dart", 0, 0, 121, 0, 0, 0, 0, 0, 0, 0, 1, 6, 128
"c:\Users\Lenovo\Documents\Dev\PFA\enetcom_app\lib\views\widgets\student_tile.dart", "Dart", 0, 0, 59, 0, 0, 0, 0, 0, 0, 0, 0, 3, 62
"c:\Users\Lenovo\Documents\Dev\PFA\enetcom_app\lib\views\widgets\text_field_widget_state.dart", "Dart", 0, 0, 54, 0, 0, 0, 0, 0, 0, 0, 0, 6, 60
"c:\Users\Lenovo\Documents\Dev\PFA\enetcom_app\lib\views\widgets\user_card_container.dart", "Dart", 0, 0, 103, 0, 0, 0, 0, 0, 0, 0, 1, 6, 110
"c:\Users\Lenovo\Documents\Dev\PFA\enetcom_app\lib\views\widgets\widgets.dart", "Dart", 0, 0, 9, 0, 0, 0, 0, 0, 0, 0, 0, 1, 10
"c:\Users\Lenovo\Documents\Dev\PFA\enetcom_app\pubspec.yaml", "YAML", 0, 0, 0, 0, 48, 0, 0, 0, 0, 0, 56, 14, 118
"c:\Users\Lenovo\Documents\Dev\PFA\enetcom_app\test\widget_test.dart", "Dart", 0, 0, 14, 0, 0, 0, 0, 0, 0, 0, 10, 7, 31
"c:\Users\Lenovo\Documents\Dev\PFA\enetcom_app\web\index.html", "HTML", 0, 0, 0, 79, 0, 0, 0, 0, 0, 0, 17, 6, 102
"c:\Users\Lenovo\Documents\Dev\PFA\enetcom_app\web\manifest.json", "JSON", 0, 35, 0, 0, 0, 0, 0, 0, 0, 0, 0, 1, 36
"Total", "-", 5, 219, 13072, 79, 51, 15394, 90, 8, 1, 12, 1627, 960, 31518